orig_address_ru,address_ua,lat,lon,service_type_ru,service_type_lat,service_type_en,service_name_ru,service_name_en,area_sqm,date_published,date_cadastral
"проспект Победы, 98","Маріуполь, проспект Победы, 98",47.1059777,37.6668117,магазин,magazin,shop,клевое место,klevoe mesto,30,2024-02-19 00:00:00,2024-06-21
"улица Олимпийская, 153","Маріуполь, улица Олимпийская, 153",47.1200104,37.6799074,магазин,magazin,shop,марат,marat,64,2024-02-19 00:00:00,2024-06-21
"проспект Победы, 109","Маріуполь, проспект Победы, 109",47.1053385,37.6644933,магазин,magazin,shop,сладости,sladosti,48,2024-02-19 00:00:00,2024-06-21
"проспект Строителей, 92","Маріуполь, проспект Строителей, 92",47.09728399999999,37.5224929,парикмахерская,parikmaherskaja,hairdresser,идеал,ideal,50,2024-02-19 00:00:00,2024-06-21
"проспект Металлургов, 121А","Маріуполь, проспект Металлургов, 121А",47.11025009999999,37.5560939,павильон,pavil'on,pavilion,цветы,tsvety,30,2024-02-19 00:00:00,2024-06-21
"проспект Металлургов, 194, пом. 2","Маріуполь, проспект Металлургов, 194",47.13351900000001,37.5660983,unknown,unknown,unknown,,,42.4,2024-02-19 00:00:00,
"проспект Строителей, 85А","Маріуполь, проспект Строителей, 85А",47.0899315,37.5237343,unknown,unknown,unknown,,,580.4,2024-02-19 00:00:00,2024-07-23
"проспект Победы, 100","Маріуполь, проспект Победы, 100",47.10586929999999,37.6671598,unknown,unknown,unknown,,,61,2024-02-19 00:00:00,2025-02-26
"проспект Победы, 111","Маріуполь, проспект Победы, 111",47.105284,37.665245,магазин,magazin,shop,уют холод,ujut holod,50,2024-02-19 00:00:00,2024-07-23
"проспект Победы, 107","Маріуполь, проспект Победы, 107",47.1054943,37.6625701,магазин,magazin,shop,шторки,shtorki,15,2024-02-19 00:00:00,2024-08-13
"улица Сычева, 33","Маріуполь, улица Сычева, 33",47.097133,37.543367,павильон,pavil'on,pavilion,приятель,prijatel',45,2024-02-19 00:00:00,2024-08-16
"улица 9 Авиадивизии, 16","Маріуполь, улица 9 Авиадивизии, 16",47.1212402,37.5192454,unknown,unknown,unknown,,,80,2024-02-19 00:00:00,2024-07-26
"улица 9 Авиадивизии, 18","Маріуполь, улица 9 Авиадивизии, 18",47.1216509,37.5192837,офисное помещение,ofisnoe pomeschenie,office space,,,50,2024-02-19 00:00:00,
"улица 130 Таганрогской дивизии, 5А","Маріуполь, улица 130 Таганрогской дивизии, 5А",47.1064369,37.6688932,магазин,magazin,shop,,,900,2024-02-19 00:00:00,2024-11-01
"25 квартал, 3","Маріуполь, 25 квартал, 3",47.097133,37.543367,магазин,magazin,shop,,,100,2024-02-19 00:00:00,2024-08-16
"бульвар 50 лет Октября, 11","Маріуполь, бульвар 50 лет Октября, 11",47.1034474,37.6372948,магазин,magazin,shop,,,48,2024-02-19 00:00:00,2024-07-26
"бульвар 50 лет Октября, 21/43","Маріуполь, бульвар 50 лет Октября, 21/43",47.1061421,37.6376316,киоск,kiosk,kiosk,,,20,2024-02-19 00:00:00,2024-11-28
"бульвар 50 лет Октября, 21/43","Маріуполь, бульвар 50 лет Октября, 21/43",47.1061421,37.6376316,киоск,kiosk,kiosk,,,10,2024-02-19 00:00:00,
"бульвар 50 лет Октября, 21/43","Маріуполь, бульвар 50 лет Октября, 21/43",47.1061421,37.6376316,киоск,kiosk,kiosk,,,10,2024-02-19 00:00:00,2024-08-16
"бульвар 50 лет Октября, 21/43","Маріуполь, бульвар 50 лет Октября, 21/43",47.1061421,37.6376316,магазин,magazin,shop,"одежды ""анди","odezhdy ""andi",170,2024-02-19 00:00:00,2024-06-17
"бульвар 50 лет Октября, 25","Маріуполь, бульвар 50 лет Октября, 25",47.0998183,37.6363894,фотоателье,fotoatel'e,photo studio,,,25,2024-02-19 00:00:00,2024-08-16
"улица 50 лет СССР, 20","Маріуполь, улица 50 лет СССР, 20",47.097133,37.543367,зоотовары,zootovary,pet store,,,40,2024-02-19 00:00:00,2024-07-26
"улица 50 лет СССР, 43","Маріуполь, улица 50 лет СССР, 43",47.097133,37.543367,стоматологическая клиника,stomatologicheskaja klinika,dental clinic,оксигенум,oksigenum,200,2024-02-19 00:00:00,2024-06-24
"улица 50 лет СССР, 51","Маріуполь, улица 50 лет СССР, 51",47.097133,37.543367,магазин,magazin,shop,,,70,2024-02-19 00:00:00,2024-06-24
"улица 50 лет СССР, 60","Маріуполь, улица 50 лет СССР, 60",47.097133,37.543367,магазин,magazin,shop,мясо тут,mjaso tut,35.4,2024-02-19 00:00:00,2024-08-05
"улица 50 лет СССР, 61","Маріуполь, улица 50 лет СССР, 61",47.097133,37.543367,ателье,atel'e,atelier,,,50,2024-02-19 00:00:00,2024-07-26
"улица 50 лет СССР, 61","Маріуполь, улица 50 лет СССР, 61",47.097133,37.543367,unknown,unknown,unknown,,,51,2024-02-19 00:00:00,2024-07-26
"улица 50 лет СССР, 61А","Маріуполь, улица 50 лет СССР, 61А",47.097133,37.543367,unknown,unknown,unknown,,,35.4,2024-02-19 00:00:00,2024-08-02
"улица 50 лет СССР, 75","Маріуполь, улица 50 лет СССР, 75",47.097133,37.543367,магазин,magazin,shop,мясо тут,mjaso tut,35.4,2024-02-19 00:00:00,2024-07-26
"улица 50 лет СССР, 77","Маріуполь, улица 50 лет СССР, 77",47.097133,37.543367,ателье,atel'e,atelier,,,50,2024-02-19 00:00:00,2024-07-26
"улица 60 лет СССР, 11","Маріуполь, улица 60 лет СССР, 11",47.1201863,37.5135469,магазин,magazin,shop,народный,narodnyj,250,2024-02-19 00:00:00,2024-08-05
"улица 60 лет СССР, 12","Маріуполь, улица 60 лет СССР, 12",47.1213245,37.5125248,магазин,magazin,shop,,,50,2024-02-19 00:00:00,2024-08-01
"улица 9 Мая, 5","Маріуполь, улица 9 Мая, 5",47.1204196,37.6775721,магазин,magazin,shop,,,70,2024-02-19 00:00:00,2024-08-16
"улица Азовстальская, 30","Маріуполь, улица Азовстальская, 30",47.1024119,37.6374282,магазин,magazin,shop,,,100,2024-02-19 00:00:00,2024-07-09
"улица Азовстальская, 49/61","Маріуполь, улица Азовстальская, 49/61",47.101235,37.6418643,магазин,magazin,shop,,,50,2024-02-19 00:00:00,2024-06-18
"улица Азовстальская, 57","Маріуполь, улица Азовстальская, 57",47.1010335,37.6451845,магазин,magazin,shop,,,70,2024-02-19 00:00:00,2024-06-19
"улица Азовстальская, 60","Маріуполь, улица Азовстальская, 60",47.1021006,37.6447999,магазин,magazin,shop,,,100,2024-02-19 00:00:00,2024-07-26
"улица Азовстальская, 124","Маріуполь, улица Азовстальская, 124",47.1012716,37.6566007,магазин,magazin,shop,стройматериалов,strojmaterialov,120,2024-02-19 00:00:00,2024-08-16
"улица Апатова, 123","Маріуполь, улица Апатова, 123",47.093965,37.5367801,магазин,magazin,shop,,,70,2024-02-19 00:00:00,2024-06-21
"улица Артема, 31","Маріуполь, улица Артема, 31",47.097133,37.543367,салон,salon,salon,красоты,krasoty,50,2024-02-19 00:00:00,2024-06-18
"улица Артема, 35","Маріуполь, улица Артема, 35",47.097133,37.543367,магазин,magazin,shop,,,70,2024-02-19 00:00:00,2024-07-26
"улица Артема, 35","Маріуполь, улица Артема, 35",47.097133,37.543367,магазин,magazin,shop,вина мира,vina mira,120,2024-02-19 00:00:00,2024-06-18
"улица Артема, 37","Маріуполь, улица Артема, 37",47.097133,37.543367,магазин,magazin,shop,,,67,2024-02-19 00:00:00,2024-07-26
"улица Артема, 37","Маріуполь, улица Артема, 37",47.097133,37.543367,магазин,magazin,shop,,,70,2024-02-19 00:00:00,2024-06-19
"улица Артема, 44","Маріуполь, улица Артема, 44",47.097133,37.543367,магазин,magazin,shop,,,70,2024-02-19 00:00:00,2024-06-24
"улица Артема, 48","Маріуполь, улица Артема, 48",47.097133,37.543367,"""медиа-фото""","""media-foto""","""медиа-фото""",,,48,2024-02-19 00:00:00,
"улица Артема, 49","Маріуполь, улица Артема, 49",47.097133,37.543367,магазин,magazin,shop,арсенал,arsenal,70,2024-02-19 00:00:00,2024-06-24
"улица Артема, 58","Маріуполь, улица Артема, 58",47.097133,37.543367,магазин,magazin,shop,,,70,2024-02-19 00:00:00,2024-06-18
"улица Артема, 115","Маріуполь, улица Артема, 115",47.1090858,37.5634368,магазин,magazin,shop,,,70,2024-02-19 00:00:00,2024-11-01
"улица Бахмутская, 30","Маріуполь, улица Бахмутская, 30",47.1162305,37.5527695,торговля,torgovlja,торговля,,,50,2024-02-19 00:00:00,2024-07-26
"улица Бахчиванджи, 5","Маріуполь, улица Бахчиванджи, 5",47.09146639999999,37.5286224,офис,ofis,офис,,,500,2024-02-19 00:00:00,2024-07-26
"бульвар Богдана Хмельницкого, 39","Маріуполь, бульвар Богдана Хмельницкого, 39",47.09721320000001,37.5289588,салон,salon,salon,красоты,krasoty,48,2024-02-19 00:00:00,2024-06-24
"улица Варганова, 1","Маріуполь, улица Варганова, 1",47.0982434,37.546955,магазин,magazin,shop,арбат,arbat,50,2024-02-19 00:00:00,2024-07-26
"улица Варганова, 1/39","Маріуполь, улица Варганова, 1/39",47.0982434,37.546955,парикмахерская,parikmaherskaja,hairdresser,,,30,2024-02-19 00:00:00,2024-07-26
"улица Варганова, 3","Маріуполь, улица Варганова, 3",47.09858269999999,37.5461661,магазин,magazin,shop,автодетали,avtodetali,70,2024-02-19 00:00:00,2024-07-26
"улица Воинов освободителей, 3/2","Маріуполь, улица Воинов освободителей, 3/2",47.1002316,37.6378916,парикмахерская,parikmaherskaja,hairdresser,,,35,2024-02-19 00:00:00,2024-07-23
"Володарское шоссе, 2","Маріуполь, Володарское шоссе, 2",47.1159417,37.5067341,трц,trts,трц,порт сити,port siti,90000,2024-02-19 00:00:00,2024-07-31
"улица Гагарина, 1А","Маріуполь, улица Гагарина, 1А",47.0665404,37.508159,магазин,magazin,shop,детских товаров,detskih tovarov,50,2024-02-19 00:00:00,2024-06-21
"улица Гагарина, 1Б","Маріуполь, улица Гагарина, 1Б",47.0665404,37.508159,магазин,magazin,shop,,,30,2024-02-19 00:00:00,2024-06-21
"улица Гагарина, 116А","Маріуполь, улица Гагарина, 116А",47.0578716,37.4940373,магазин,magazin,shop,одежды б/у,odezhdy b/u,50,2024-02-19 00:00:00,2024-08-01
"улица Гагарина, 116А","Маріуполь, улица Гагарина, 116А",47.0578716,37.4940373,магазин,magazin,shop,промтоваров,promtovarov,58,2024-02-19 00:00:00,2024-08-05
"улица Гагарина, 213","Маріуполь, улица Гагарина, 213",47.0448505,37.47949680000001,продуктов,produktov,grocery,ый магазин,yj magazin,50,2024-02-19 00:00:00,2024-06-21
"улица Гагарина, 213","Маріуполь, улица Гагарина, 213",47.0448505,37.47949680000001,кафе,kafe,cafe,-гостиица,-gostiitsa,200,2024-02-19 00:00:00,2024-06-21
"улица Георгиевская, 59","Маріуполь, улица Георгиевская, 59",47.0941262,37.5493658,магазин,magazin,shop,,,170,2024-02-19 00:00:00,2024-06-21
"улица Греческая, 41","Маріуполь, улица Греческая, 41",47.0945085,37.5534826,"""автоцентр""","""avtotsentr""","""автоцентр""",,,120,2024-02-19 00:00:00,2024-07-23
"Зинцевый спуск, 44","Маріуполь, Зинцевый спуск, 44",47.097133,37.543367,продуктов,produktov,grocery,ый магазин,yj magazin,70,2024-02-19 00:00:00,2024-07-26
"проспект Ильича, 140","Маріуполь, проспект Ильича, 140",47.1393804,37.5691328,магазин,magazin,shop,,,54,2024-02-19 00:00:00,2024-07-26
"проспект Ильича, 141","Маріуполь, проспект Ильича, 141",47.14025549999999,37.5673995,магазин,magazin,shop,,,150,2024-02-19 00:00:00,2024-07-26
"улица Апатова, 37 (Итальянская)",,,,офис,ofis,офис,,,70,2024-02-19 00:00:00,2024-07-26
"улица Апатова, 88 (Итальянская)",,,,коммерческое,kommercheskoe,коммерческое,помещение,pomeschenie,70,2024-02-19 00:00:00,2024-06-21
"улица Итальянская, 119","Маріуполь, улица Итальянская, 119",47.0937869,37.5385296,подвал,podval,подвал,,,120,2024-02-19 00:00:00,2024-06-21
"улица Казанцева, 40","Маріуполь, улица Казанцева, 40",47.0998952,37.5397161,ателье,atel'e,atelier,,,50,2024-02-19 00:00:00,2024-07-26
"улица Карла Либкнехта, 57","Маріуполь, улица Карла Либкнехта, 57",47.1051833,37.53651139999999,магазин,magazin,shop,,,50,2024-02-19 00:00:00,
"улица Карла Либкнехта, 201","Маріуполь, улица Карла Либкнехта, 201",47.1081256,37.5112509,магазин,magazin,shop,стройматериалы,strojmaterialy,150,2024-02-19 00:00:00,2024-07-26
"улица Киевская, 76","Маріуполь, улица Киевская, 76",47.097133,37.543367,коммерческое,kommercheskoe,коммерческое,помещение,pomeschenie,50,2024-02-19 00:00:00,2024-07-26
перекресток бульвар Комсомольского и бульвар 50 лет Октября,,,,кафе,kafe,cafe,,,550,2024-02-19 00:00:00,
"улица Котляревского, 1","Маріуполь, улица Котляревского, 1",47.11061429999999,37.5555191,кафе,kafe,cafe,,,250,2024-02-19 00:00:00,2024-07-26
"улица Краснофлотская, 145А","Маріуполь, улица Краснофлотская, 145А",47.097133,37.543367,автомойка,avtomojka,автомойка,,,432,2024-02-19 00:00:00,2024-12-18
"улица Кронштадтская, 2а","Маріуполь, улица Кронштадтская, 2а",47.0797787,37.5166773,пивной,pivnoj,пивной,магазин,magazin,50,2024-02-19 00:00:00,2024-07-26
"улица Кронштадтская, 4","Маріуполь, улица Кронштадтская, 4",47.0798717,37.5158091,пивной,pivnoj,пивной,бар,bar,70,2024-02-19 00:00:00,2024-08-13
"улица Кронштадтская, 4","Маріуполь, улица Кронштадтская, 4",47.0798717,37.5158091,овощной,ovoschnoj,овощной,магазин,magazin,150,2024-02-19 00:00:00,2024-08-13
"улица Кронштадтская, 4","Маріуполь, улица Кронштадтская, 4",47.0798717,37.5158091,магазин,magazin,shop,,,48,2024-02-19 00:00:00,2024-08-13
"улица Кронштадтская, 4","Маріуполь, улица Кронштадтская, 4",47.0798717,37.5158091,мясо,mjaso,meat,-маркет,-market,50,2024-02-19 00:00:00,2024-08-13
"улица Кронштадтская, 4","Маріуполь, улица Кронштадтская, 4",47.0798717,37.5158091,аптека,apteka,pharmacy,,,54,2024-02-19 00:00:00,2024-08-13
"улица Куйбышева, 14","Маріуполь, улица Куйбышева, 14",47.1400489,37.5730734,склады,sklady,склады,,,772,2024-02-19 00:00:00,
"улица Куйбышева, 16","Маріуполь, улица Куйбышева, 16",47.1403912,37.5727431,склады,sklady,склады,,,428.1,2024-02-19 00:00:00,
"улица Курчатова, 35","Маріуполь, улица Курчатова, 35",47.159763,37.6136769,магазин,magazin,shop,,,50,2024-02-19 00:00:00,2024-07-26
"улица Лавицкого, 3","Маріуполь, улица Лавицкого, 3",47.08614190000001,37.5229336,магазин,magazin,shop,,,30,2024-02-19 00:00:00,2024-07-26
"улица Лавицкого, 16","Маріуполь, улица Лавицкого, 16",47.0872648,37.5192772,салон,salon,salon,красоты,krasoty,50,2024-02-19 00:00:00,2024-07-26
"улица Лавицкого, 23","Маріуполь, улица Лавицкого, 23",47.0883598,37.5177828,продуктов,produktov,grocery,ый магазин,yj magazin,70,2024-02-19 00:00:00,
"улица Ладыгина, 25","Маріуполь, улица Ладыгина, 25",47.10625109999999,37.5272233,магазин,magazin,shop,кованные изделия,kovannye izdelija,70,2024-02-19 00:00:00,2024-07-26
"проспект Ленина, 7","Маріуполь, проспект Ленина, 7",47.097133,37.543367,магазин,magazin,shop,,,70,2024-02-19 00:00:00,2024-06-17
"проспект Ленина, 14","Маріуполь, проспект Ленина, 14",47.097133,37.543367,магазин,magazin,shop,трубоверт,trubovert,70,2024-02-19 00:00:00,2024-06-19
"проспект Ленина, 15","Маріуполь, проспект Ленина, 15",47.097133,37.543367,кафе,kafe,cafe,,,70,2024-02-19 00:00:00,2024-06-17
"проспект Ленина, 15","Маріуполь, проспект Ленина, 15",47.097133,37.543367,парикмахерская,parikmaherskaja,hairdresser,,,50,2024-02-19 00:00:00,2024-06-17
"проспект Ленина, 19","Маріуполь, проспект Ленина, 19",47.097133,37.543367,редакция газеты,redaktsija gazety,редакция газеты,приазовский рабочий,priazovskij rabochij,500,2024-02-19 00:00:00,2024-06-17
"проспект Ленина, 21","Маріуполь, проспект Ленина, 21",47.097133,37.543367,магазин,magazin,shop,,,100,2024-02-19 00:00:00,2024-06-17
"проспект Ленина, 24/24","Маріуполь, проспект Ленина, 24/24",47.097133,37.543367,магазин,magazin,shop,,,120,2024-02-19 00:00:00,2024-06-21
"проспект Ленина, 34","Маріуполь, проспект Ленина, 34",47.097133,37.543367,кафе,kafe,cafe,ля-рошель,lja-roshel',70,2024-02-19 00:00:00,2024-06-21
"проспект Ленина, 34","Маріуполь, проспект Ленина, 34",47.097133,37.543367,парикмахерская,parikmaherskaja,hairdresser,,,30,2024-02-19 00:00:00,2024-06-21
"проспект Ленина, 35","Маріуполь, проспект Ленина, 35",47.097133,37.543367,магазин,magazin,shop,галантерея,galantereja,450,2024-02-19 00:00:00,2024-06-21
"проспект Ленина, 43","Маріуполь, проспект Ленина, 43",47.097133,37.543367,полуподвальное/подвальное,polupodval'noe/podval'noe,полуподвальное/подвальное,,,200,2024-02-19 00:00:00,2024-06-24
"проспект Ленина, 43","Маріуполь, проспект Ленина, 43",47.097133,37.543367,свадебный,svadebnyj,свадебный,салон,salon,220,2024-02-19 00:00:00,2024-06-18
"проспект Ленина, 47","Маріуполь, проспект Ленина, 47",47.097133,37.543367,магазин,magazin,shop,светоч,svetoch,800,2024-02-19 00:00:00,2024-06-21
"проспект Ленина, 63/2","Маріуполь, проспект Ленина, 63/2",47.097133,37.543367,магазин,magazin,shop,,,150,2024-02-19 00:00:00,2024-12-16
"проспект Ленина, 66/39, 10, 11",,,,услуги,uslugi,services,населению,naseleniju,30,2024-02-19 00:00:00,2024-07-31
"проспект Ленина, 68Б","Маріуполь, проспект Ленина, 68Б",47.097133,37.543367,магазин,magazin,shop,продуктов,produktov,38.65,2024-02-19 00:00:00,2024-07-26
"проспект Ленина, 76","Маріуполь, проспект Ленина, 76",47.097133,37.543367,услуги,uslugi,services,,,480,2024-02-19 00:00:00,2024-06-21
"проспект Ленина, 81, пом. 1",,,,магазин,magazin,shop,,,50,2024-02-19 00:00:00,2024-06-21
"проспект Ленина, 82","Маріуполь, проспект Ленина, 82",47.097133,37.543367,юридические,juridicheskie,legal services,услуги,uslugi,50,2024-02-19 00:00:00,2024-07-26
"проспект Ленина, 90","Маріуполь, проспект Ленина, 90",47.097133,37.543367,магазин,magazin,shop,,,50,2024-02-19 00:00:00,2024-06-21
"проспект Ленина, 93В","Маріуполь, проспект Ленина, 93В",47.097133,37.543367,кафе,kafe,cafe,,,120,2024-02-19 00:00:00,2024-06-21
"проспект Ленина, 94","Маріуполь, проспект Ленина, 94",47.097133,37.543367,магазин,magazin,shop,,,900,2024-02-19 00:00:00,2024-07-26
"проспект Ленина, 107, пом. 138",,,,юридические,juridicheskie,legal services,услуги,uslugi,20,2024-02-19 00:00:00,2024-07-31
"проспект Ленина, 111А","Маріуполь, проспект Ленина, 111А",47.097133,37.543367,кафе,kafe,cafe,,,609.5,2024-02-19 00:00:00,2025-01-15
"проспект Ленина, 111А","Маріуполь, проспект Ленина, 111А",47.097133,37.543367,аква,akva,аква,лайн,lajn,150,2024-02-19 00:00:00,2024-06-18
"улица Ломизова, 10","Маріуполь, улица Ломизова, 10",47.1023718,37.6246072,хлебозавод,hlebozavod,хлебозавод,,,-,2024-02-19 00:00:00,
"проспект Лунина, 23","Маріуполь, проспект Лунина, 23",47.0674626,37.5103097,зоотовары,zootovary,pet store,,,50,2024-02-19 00:00:00,2024-07-26
"проспект Лунина, 31","Маріуполь, проспект Лунина, 31",47.06561689999999,37.5080284,магазин,magazin,shop,,,70,2024-02-19 00:00:00,2024-11-01
"проспект Лунина, 33","Маріуполь, проспект Лунина, 33",47.0651074,37.5075399,магазин,magazin,shop,,,-,2024-02-19 00:00:00,
"проспект Лунина, 33","Маріуполь, проспект Лунина, 33",47.0651074,37.5075399,магазин,magazin,shop,,,300,2024-02-19 00:00:00,2024-07-26
"улица Мамина Сибиряка, 39","Маріуполь, улица Мамина Сибиряка, 39",47.1487746,37.6078957,магазин,magazin,shop,,,50,2024-02-19 00:00:00,2024-07-26
"улица Мамина Сибиряка, 40","Маріуполь, улица Мамина Сибиряка, 40",47.14890579999999,37.6066327,магазин,magazin,shop,", парикмахерская, фото",", parikmaherskaja, foto",250,2024-02-19 00:00:00,2024-06-21
"улица Мамина Сибиряка, 47","Маріуполь, улица Мамина Сибиряка, 47",47.1498992,37.6058963,торговый,torgovyj,торговый,объект,ob'ekt,25,2024-02-19 00:00:00,2024-06-21
"проспект Металлургов, 29, пом. 40, 56, 70, 71",,,,магазин,magazin,shop,,,400,2024-02-19 00:00:00,2024-07-26
"проспект Металлургов, 33, пом. 22",,,,магазин,magazin,shop,,,50,2024-02-19 00:00:00,2024-07-26
"проспект Металлургов, 39/1-3","Маріуполь, проспект Металлургов, 39/1-3",47.0901351,37.542182,юридические,juridicheskie,legal services,услуги,uslugi,80,2024-02-19 00:00:00,2024-07-26
"проспект Металлургов, 66","Маріуполь, проспект Металлургов, 66",47.1039914,37.5496825,unknown,unknown,unknown,,,214.6,2024-02-19 00:00:00,
"проспект Металлургов, 69","Маріуполь, проспект Металлургов, 69",47.1042674,37.550594,торговля,torgovlja,торговля,,,100,2024-02-19 00:00:00,2024-11-12
"проспект Металлургов, 88А","Маріуполь, проспект Металлургов, 88А",47.1045151,37.549026,unknown,unknown,unknown,,,578.15,2024-02-19 00:00:00,
"проспект Металлургов, 95","Маріуполь, проспект Металлургов, 95",47.1068507,37.5537165,кафе,kafe,cafe,испанский двор,ispanskij dvor,400,2024-02-19 00:00:00,
"проспект Металлургов, 102","Маріуполь, проспект Металлургов, 102",47.10987799999999,37.5543188,магазин,magazin,shop,,,50,2024-02-19 00:00:00,
"проспект Металлургов, 102","Маріуполь, проспект Металлургов, 102",47.10987799999999,37.5543188,аптека,apteka,pharmacy,,,100,2024-02-19 00:00:00,2024-11-29
"проспект Металлургов, 213","Маріуполь, проспект Металлургов, 213",47.1313781,37.5663914,юридические,juridicheskie,legal services,услуги,uslugi,54,2024-02-19 00:00:00,2024-08-12
"проспект Металлургов, 219","Маріуполь, проспект Металлургов, 219",47.1328109,37.5666338,unknown,unknown,unknown,,,40,2024-02-19 00:00:00,2024-07-26
"проспект Металлургов, 219","Маріуполь, проспект Металлургов, 219",47.1328109,37.5666338,магазин,magazin,shop,,,60,2024-02-19 00:00:00,2024-07-26
"проспект Металлургов, 223","Маріуполь, проспект Металлургов, 223",47.1335191,37.5668878,парикмахерская,parikmaherskaja,hairdresser,", магазин",", magazin",50,2024-02-19 00:00:00,2024-08-05
"улица Мичмана Павлова, 10","Маріуполь, улица Мичмана Павлова, 10",47.0851586,37.5533668,магазин,magazin,shop,,,250,2024-02-19 00:00:00,
"переулок Нахимова, 5","Маріуполь, переулок Нахимова, 5",47.0967461,37.5374784,аптека,apteka,pharmacy,,,54.2,2024-02-19 00:00:00,2024-11-29
"переулок Нахимова, 5А","Маріуполь, переулок Нахимова, 5А",47.0684136,37.5083732,магазин,magazin,shop,,,30,2024-02-19 00:00:00,2024-12-16
"проспект Нахимова, 66","Маріуполь, проспект Нахимова, 66",47.074252,37.5097521,аптека,apteka,pharmacy,,,100,2024-02-19 00:00:00,2024-06-21
"проспект Нахимова, 68","Маріуполь, проспект Нахимова, 68",47.0745675,37.5104058,магазин,magazin,shop,,,50,2024-02-19 00:00:00,2024-07-26
"проспект Нахимова, 108","Маріуполь, проспект Нахимова, 108",47.0808543,37.51815029999999,нет,net,нет,"света, новая почта","sveta, novaja pochta",100,2024-02-19 00:00:00,2024-06-21
"проспект Нахимова, 124","Маріуполь, проспект Нахимова, 124",47.08334259999999,37.5207097,лайм,lajm,лайм,,,800,2024-02-19 00:00:00,2024-11-25
"проспект Нахимова, 162","Маріуполь, проспект Нахимова, 162",47.0877692,37.5249253,кафе,kafe,cafe,,,150,2024-02-19 00:00:00,2024-06-21
"проспект Нахимова, 162","Маріуполь, проспект Нахимова, 162",47.0877692,37.5249253,магазин,magazin,shop,акцизных товаров,aktsiznyh tovarov,70,2024-02-19 00:00:00,2024-06-21
"проспект Нахимова, 162","Маріуполь, проспект Нахимова, 162",47.0877692,37.5249253,магазин,magazin,shop,одежды б/у,odezhdy b/u,102,2024-02-19 00:00:00,2024-06-21
"проспект Нахимова, 162","Маріуполь, проспект Нахимова, 162",47.0877692,37.5249253,торговая,torgovaja,торговая,деятельность,dejatel'nost',100,2024-02-19 00:00:00,2024-06-21
"проспект Нахимова, 168","Маріуполь, проспект Нахимова, 168",47.0880309,37.5255989,услуги,uslugi,services,связи,svjazi,100,2024-02-19 00:00:00,2024-06-21
"проспект Нахимова, 174/1","Маріуполь, проспект Нахимова, 174/1",47.0912959,37.5298957,магазин,magazin,shop,окна,okna,120,2024-02-19 00:00:00,2024-07-26
"улица Николаевская, 27","Маріуполь, улица Николаевская, 27",47.0960285,37.55747059999999,ск,sk,ск,аско,asko,70,2024-02-19 00:00:00,
"улица Николаевская, 62","Маріуполь, улица Николаевская, 62",47.0980633,37.5492404,магазин,magazin,shop,сантехники,santehniki,100,2024-02-19 00:00:00,2024-06-24
"улица Олимпийская, 73","Маріуполь, улица Олимпийская, 73",47.1090096,37.6744301,unknown,unknown,unknown,,,100,2024-02-19 00:00:00,2024-12-16
"улица Олимпийская, 71","Маріуполь, улица Олимпийская, 71",47.1089365,37.67342,магазин,magazin,shop,,,50,2024-02-19 00:00:00,
"улица Орджоникидзе, 29","Маріуполь, улица Орджоникидзе, 29",47.1028221,37.6514392,магазин,magazin,shop,,,50,2024-02-19 00:00:00,2024-06-19
"улица Пашковского, 8/1","Маріуполь, улица Пашковского, 8/1",47.1094361,37.6359229,магазин,magazin,shop,,,50,2024-02-19 00:00:00,2024-08-09
"улица Пашковского, 16","Маріуполь, улица Пашковского, 16",47.1092897,37.6383133,кафе,kafe,cafe,,,250,2024-02-19 00:00:00,2024-08-13
"улица Пашковского, 16","Маріуполь, улица Пашковского, 16",47.1092897,37.6383133,unknown,unknown,unknown,,,252,2024-02-19 00:00:00,
"улица Пашковского, 22/40","Маріуполь, улица Пашковского, 22/40",47.1091755,37.6404946,магазин,magazin,shop,,,70,2024-02-19 00:00:00,2024-08-13
"улица Пашковского, 24/27","Маріуполь, улица Пашковского, 24/27",47.1091157,37.64152,магазин,magazin,shop,олимп,olimp,70,2024-02-19 00:00:00,2024-11-22
"улица Пашковского, 34","Маріуполь, улица Пашковского, 34",47.1088925,37.6452418,unknown,unknown,unknown,,,80,2024-02-19 00:00:00,2024-08-13
"улица Писарева, 28/2б","Маріуполь, улица Писарева, 28/2б",47.1062454,37.5489814,магазин,magazin,shop,,,50,2024-02-19 00:00:00,
"улица Писарева, 28/187","Маріуполь, улица Писарева, 28/187",47.1062454,37.5489814,магазин,magazin,shop,,,100,2024-02-19 00:00:00,2024-11-01
"улица Писарева, 28/188а","Маріуполь, улица Писарева, 28/188а",47.1062454,37.5489814,unknown,unknown,unknown,,,50,2024-02-19 00:00:00,
"проспект Победы, 24/19","Маріуполь, проспект Победы, 24/19",47.10786359999999,37.6338889,мебель,mebel',мебель,,,70,2024-02-19 00:00:00,
"проспект Победы, 24/19","Маріуполь, проспект Победы, 24/19",47.10786359999999,37.6338889,юридические,juridicheskie,legal services,услуги,uslugi,50,2024-02-19 00:00:00,2024-07-23
"проспект Победы, 28","Маріуполь, проспект Победы, 28",47.107834,37.6348169,магазин,magazin,shop,,,70,2024-02-19 00:00:00,2024-07-23
"проспект Победы, 32/42","Маріуполь, проспект Победы, 32/42",47.1077424,37.6358304,магазин,magazin,shop,,,50,2024-02-19 00:00:00,
"проспект Победы, 43/21","Маріуполь, проспект Победы, 43/21",47.1069504,37.6380045,кафе,kafe,cafe,,,120,2024-02-19 00:00:00,2024-07-26
"проспект Победы, 75","Маріуполь, проспект Победы, 75",47.1062349,37.6500952,торговая,torgovaja,торговая,деятельность,dejatel'nost',52,2024-02-19 00:00:00,2024-08-13
"проспект Победы, 85","Маріуполь, проспект Победы, 85",47.106112,37.6535028,коммерческое,kommercheskoe,коммерческое,помещение,pomeschenie,50,2024-02-19 00:00:00,2024-08-13
"проспект Победы, 90","Маріуполь, проспект Победы, 90",47.1062021,37.6640454,магазин,magazin,shop,"деловой дом"" (стройматериалы)","delovoj dom"" (strojmaterialy)",150,2024-02-19 00:00:00,2024-07-23
"проспект Победы, 98","Маріуполь, проспект Победы, 98",47.1059777,37.6668117,магазин,magazin,shop,ева,eva,70,2024-02-19 00:00:00,2024-06-19
"проспект Победы, 99, пом. 144, 148, 149, 151","Маріуполь, проспект Победы, 99",47.1058418,37.6570153,фотосалон,fotosalon,фотосалон,,,200,2024-02-19 00:00:00,2024-07-26
"проспект Победы, 109","Маріуполь, проспект Победы, 109",47.1053385,37.6644933,развивалка,razvivalka,развивалка,,,100,2024-02-19 00:00:00,2024-07-26
"проспект Победы, 109","Маріуполь, проспект Победы, 109",47.1053385,37.6644933,сц ремонт компьютерной,sts remont komp'juternoj,сц ремонт компьютерной,техники,tehniki,120,2024-02-19 00:00:00,2024-07-26
"проспект Победы, 111","Маріуполь, проспект Победы, 111",47.105284,37.665245,сек/хенд,sek/hend,сек/хенд,,,150,2024-02-19 00:00:00,2024-12-18
"проспект Победы, 111","Маріуполь, проспект Победы, 111",47.105284,37.665245,магазин,magazin,shop,,,800,2024-02-19 00:00:00,2024-07-26
перекресток улица Приазовская и улица Курчатова,,,,торговый,torgovyj,торговый,объект,ob'ekt,30,2024-02-19 00:00:00,
"переулок Рижский, 27","Маріуполь, переулок Рижский, 27",47.1151638,37.6744515,магазин,magazin,shop,,,50,2024-02-19 00:00:00,2024-07-23
"улица Варганова, 2","Маріуполь, улица Варганова, 2",47.0979827,37.5464383,ремонт,remont,ремонт,одежды,odezhdy,10,2024-02-19 00:00:00,2024-11-01
"улица Солнечная, 5","Маріуполь, улица Солнечная, 5",47.097133,37.543367,магазин,magazin,shop,,,50,2024-02-19 00:00:00,2024-07-26
"проспект Строителей, 52","Маріуполь, проспект Строителей, 52",47.0887708,37.5193597,киоск,kiosk,kiosk,пресса,pressa,12,2024-02-19 00:00:00,2024-08-13
"проспект Строителей, 52","Маріуполь, проспект Строителей, 52",47.0887708,37.5193597,цветочный,tsvetochnyj,цветочный,магазин,magazin,30,2024-02-19 00:00:00,2024-08-13
"проспект Строителей, 52","Маріуполь, проспект Строителей, 52",47.0887708,37.5193597,ремонт,remont,ремонт,обуви,obuvi,10,2024-02-19 00:00:00,2024-08-13
"проспект Строителей, 60","Маріуполь, проспект Строителей, 60",47.1098945,37.5252391,unknown,unknown,unknown,,,30,2024-02-19 00:00:00,
"проспект Строителей, 85А","Маріуполь, проспект Строителей, 85А",47.0899315,37.5237343,магазин,magazin,shop,,,800,2024-02-19 00:00:00,
"проспект Строителей, 92","Маріуполь, проспект Строителей, 92",47.09728399999999,37.5224929,магазин,magazin,shop,дружище,druzhische,16.7,2024-02-19 00:00:00,
"проспект Строителей, 92","Маріуполь, проспект Строителей, 92",47.09728399999999,37.5224929,парикмахерская,parikmaherskaja,hairdresser,,,30,2024-02-19 00:00:00,
"проспект Строителей, 96","Маріуполь, проспект Строителей, 96",47.09868700000001,37.523423,магазин,magazin,shop,,,100,2024-02-19 00:00:00,2024-07-26
"проспект Строителей, 101","Маріуполь, проспект Строителей, 101",47.0938165,37.5232458,парикмахерская,parikmaherskaja,hairdresser,,,40,2024-02-19 00:00:00,2024-07-26
"проспект Строителей, 114","Маріуполь, проспект Строителей, 114",47.10391389999999,37.5240188,суши-бар,sushi-bar,суши-бар,,,100,2024-02-19 00:00:00,2024-08-14
"проспект Строителей, 115А","Маріуполь, проспект Строителей, 115А",47.0962541,37.5235596,магазин,magazin,shop,,,50,2024-02-19 00:00:00,2024-07-26
"проспект Строителей, 167","Маріуполь, проспект Строителей, 167",47.1176144,37.5286443,магазин,magazin,shop,стройматериалы,strojmaterialy,120,2024-02-19 00:00:00,2024-06-24
"улица Торговая, 20","Маріуполь, улица Торговая, 20",47.0933219,37.5596743,магазин,magazin,shop,,,70,2024-02-19 00:00:00,
"улица Урицкого, 98","Маріуполь, улица Урицкого, 98",47.1220244,37.5186793,магазин,magazin,shop,наша ряба,nasha rjaba,76.4,2024-02-19 00:00:00,2024-11-01
"улица Харлампиевская, 13","Маріуполь, улица Харлампиевская, 13",47.09274980000001,37.5571158,гостиница,gostinitsa,гостиница,спартак,spartak,450,2024-02-19 00:00:00,2024-07-26
"улица Черноморская, 18","Маріуполь, улица Черноморская, 18",47.07980939999999,37.5131265,магазин,magazin,shop,одежды б/у,odezhdy b/u,35,2024-02-19 00:00:00,2024-08-14
"улица Черноморская, 20","Маріуполь, улица Черноморская, 20",47.08025019999999,37.513365,магазин,magazin,shop,одежды б/у,odezhdy b/u,50,2024-02-19 00:00:00,2024-08-09
"бульвар Шевченко, 52/54","Маріуполь, бульвар Шевченко, 52/54",47.1068766,37.55689470000001,офис,ofis,офис,,,150,2024-02-19 00:00:00,2024-11-01
"бульвар Шевченко, 54","Маріуполь, бульвар Шевченко, 54",47.1069207,37.5563227,гипермаркет,gipermarket,гипермаркет,сильпо,sil'po,990,2024-02-19 00:00:00,2024-06-24
"бульвар Шевченко, 91","Маріуполь, бульвар Шевченко, 91",47.109877,37.5530924,магазин,magazin,shop,,,340,2024-02-19 00:00:00,2024-07-26
"бульвар Шевченко, 240","Маріуполь, бульвар Шевченко, 240",47.1153948,37.5221582,магазин,magazin,shop,,,900,2024-02-19 00:00:00,2024-07-26
"бульвар Шевченко, 333","Маріуполь, бульвар Шевченко, 333",47.1177612,37.5153356,магазин,magazin,shop,,,50,2024-02-19 00:00:00,2024-06-21
"бульвар Шевченко, 357а","Маріуполь, бульвар Шевченко, 357а",47.1188041,37.5094526,магазин,magazin,shop,,,48,2024-02-19 00:00:00,2024-08-09
"проспект Ленина, 71А","Маріуполь, проспект Ленина, 71А",47.097133,37.543367,общественный туалет в подземном,obschestvennyj tualet v podzemnom,общественный туалет в подземном,переходе,perehode,55,2024-02-19 00:00:00,
"проспект Ильича, 136","Маріуполь, проспект Ильича, 136",47.1385324,37.5717023,банк,bank,bank,пумб,pumb,7265.1,2024-02-19 00:00:00,2024-07-26
"проспект Нахимова, 200","Маріуполь, проспект Нахимова, 200",47.0956619,37.5357695,магазин,magazin,shop,,,150,2024-02-19 00:00:00,2024-07-26
"проспект Ленина, 99","Маріуполь, проспект Ленина, 99",47.097133,37.543367,1 этаж,1 etazh,1 этаж,9-ти этажного дома,9-ti etazhnogo doma,99.4,2024-02-19 00:00:00,
"проспект Строителей, 70А","Маріуполь, проспект Строителей, 70А",47.1098901,37.5252384,бывший,byvshij,бывший,дет.сад,det.sad,2009.5,2024-02-19 00:00:00,
"проспект Победы, 107А","Маріуполь, проспект Победы, 107А",47.1047363,37.6634922,подвал,podval,подвал,,,500,2024-02-19 00:00:00,
"улица Кронштадтская, 11","Маріуполь, улица Кронштадтская, 11",47.08188819999999,37.516369,бывший,byvshij,бывший,"дет.сад (скорая, горгаз, ателье)","det.sad (skoraja, gorgaz, atel'e)",1035,2024-02-19 00:00:00,
переулок Олимпийский,,,,летний кинотеатр,letnij kinoteatr,летний кинотеатр,+ зрительная площадка,+ zritel'naja ploschadka,600,2024-02-19 00:00:00,
"проспект Металлургов, 137А","Маріуполь, проспект Металлургов, 137А",47.1190392,37.5644586,церковь,tserkov',church,на 5 мкр,na 5 mkr,839.4,2024-02-19 00:00:00,2024-08-14
"улица Семашко, 15","Маріуполь, улица Семашко, 15",47.1395496,37.5978372,unknown,unknown,unknown,,,80,2024-02-19 00:00:00,
"улица Таганрогская, 52","Маріуполь, улица Таганрогская, 52",47.1280582,37.6543671,складское помещение,skladskoe pomeschenie,складское помещение,(отдельно стоящее одноэтажное сооружение),(otdel'no stojaschee odnoetazhnoe sooruzhenie),1305,2024-03-21 00:00:00,
"улица Карла Либкнехта, 185","Маріуполь, улица Карла Либкнехта, 185",47.1085753,37.5167782,склады,sklady,склады,,,1844.7,2024-03-21 00:00:00,
"проспект Ильича, 143","Маріуполь, проспект Ильича, 143",47.14086229999999,37.5663732,дк,dk,дк,искра,iskra,5642.9,2024-03-21 00:00:00,2024-11-12
"проспект Нахимова, 194","Маріуполь, проспект Нахимова, 194",47.0933814,37.5334909,1 этаж в,1 etazh v,1 этаж в,мкд,mkd,100,2024-03-21 00:00:00,
"улица Виноградная, 3","Маріуполь, улица Виноградная, 3",47.0945456,37.6384738,кафе,kafe,cafe,рюмочная,rjumochnaja,200,2024-03-21 00:00:00,
"улица Виноградная, 17А","Маріуполь, улица Виноградная, 17А",47.0930287,37.64149829999999,кафе,kafe,cafe,медуза,meduza,226.5,2024-03-21 00:00:00,2024-11-12
"улица Виноградная, 37А","Маріуполь, улица Виноградная, 37А",47.09569159999999,37.6326401,клуб,klub,клуб,манго,mango,600,2024-03-21 00:00:00,2024-07-23
"улица Азовстальская, 2","Маріуполь, улица Азовстальская, 2",47.1011286,37.6613936,магазин,magazin,shop,акватория,akvatorija,800,2024-03-21 00:00:00,
"переулок Киевский, 4","Маріуполь, переулок Киевский, 4",47.109934,37.6430668,протестанская,protestanskaja,протестанская,церковь,tserkov',770,2024-03-21 00:00:00,2024-07-23
"улица Бахмутская, 16А","Маріуполь, улица Бахмутская, 16А",47.1161626,37.5499256,unknown,unknown,unknown,,,200,2024-05-14 00:00:00,2024-11-12
"бульвар 50 лет Октября, 3/2","Маріуполь, бульвар 50 лет Октября, 3/2",47.1005937,37.6370337,аптека,apteka,pharmacy,,,50,2024-05-14 00:00:00,
"улица Николаевская, 3","Маріуполь, улица Николаевская, 3",47.0940671,37.5622346,цтнп ммк,tstnp mmk,цтнп ммк,ильича,il'icha,1200,2024-05-14 00:00:00,
"проспект Ленина, 18","Маріуполь, проспект Ленина, 18",47.097133,37.543367,магазин,magazin,shop,,,50,2024-05-14 00:00:00,2024-11-01
"улица Энгельса, 1А","Маріуполь, улица Энгельса, 1А",47.090678,37.5455915,магазин,magazin,shop,в пристойке,v pristojke,40,2024-05-14 00:00:00,2024-11-14
"улица Урицкого, 96А","Маріуполь, улица Урицкого, 96А",47.123545,37.5102741,магазин,magazin,shop,полуфабрикатов,polufabrikatov,280,2024-05-14 00:00:00,2024-11-12
"улица Азовстальская, 13В","Маріуполь, улица Азовстальская, 13В",47.1017933,37.6301253,кафе,kafe,cafe,«пещера»,«peschera»,270,2024-05-14 00:00:00,2024-11-14
"улица Карпинского, 74","Маріуполь, улица Карпинского, 74",47.1292745,37.5589911,автозапчасти,avtozapchasti,автозапчасти,,,100,2024-05-14 00:00:00,
"улица Николаевская, 82","Маріуполь, улица Николаевская, 82",47.0990743,37.5465165,в,v,в,мкд,mkd,90,2024-05-20 00:00:00,2024-11-12
"улица Николаевская, 89","Маріуполь, улица Николаевская, 89",47.1004362,37.54745010000001,"""зеркальный"" (в кондитерской фабрике)","""zerkal'nyj"" (v konditerskoj fabrike)","""зеркальный"" (в кондитерской фабрике)",,,150,2024-05-20 00:00:00,
"бульвар Приморский, 35","Маріуполь, бульвар Приморский, 35",47.0797599,37.5320858,туалет,tualet,туалет,,,81.2,2024-06-25 00:00:00,
"проспект Ленина, 34","Маріуполь, проспект Ленина, 34",47.097133,37.543367,кинотеатр,kinoteatr,кинотеатр,победа,pobeda,1495,2024-06-25 00:00:00,
"улица Лепсе, 13/1","Маріуполь, улица Лепсе, 13/1",47.1140176,37.5867993,unknown,unknown,unknown,,,68,2024-06-25 00:00:00,2024-11-13
"улица Греческая, 212А","Маріуполь, улица Греческая, 212А",47.1150067,37.5822771,unknown,unknown,unknown,,,518,2024-06-25 00:00:00,2024-11-12
"бульвар Шевченко, 361А","Маріуполь, бульвар Шевченко, 361А",47.1185328,37.5086264,unknown,unknown,unknown,,,150,2024-06-25 00:00:00,
"бульвар Комсомольский, 68","Маріуполь, бульвар Комсомольский, 68",47.097867,37.6497609,магазин,magazin,shop,продуктов,produktov,280,2024-06-25 00:00:00,2024-11-01
"проспект Маршала Жукова, 94А","Маріуполь, проспект Маршала Жукова, 94А",47.1273966,37.6901596,торговые,torgovye,торговые,павильоны,pavil'ony,150,2024-06-25 00:00:00,
"улица Голубенко, 3","Маріуполь, улица Голубенко, 3",47.11313639999999,37.6264285,теплицы,teplitsy,теплицы,,,900,2024-06-25 00:00:00,
"проспект Строителей, 39","Маріуполь, проспект Строителей, 39",47.0851775,37.5170034,боковое с правой,bokovoe s pravoj,боковое с правой,стороны,storony,90,2024-06-25 00:00:00,
"проспект Строителей, 39","Маріуполь, проспект Строителей, 39",47.0851775,37.5170034,2 этаж,2 etazh,2 этаж,мебельный,mebel'nyj,500,2024-06-25 00:00:00,
"проспект Строителей, 39","Маріуполь, проспект Строителей, 39",47.0851775,37.5170034,3,3,3,этаж,etazh,387.2,2024-06-25 00:00:00,
"улица Московская, 22А","Маріуполь, улица Московская, 22А",47.097133,37.543367,магазин,magazin,shop,брусничка,brusnichka,700,2024-06-25 00:00:00,2024-11-02
"проспект Нахимова, 3","Маріуполь, проспект Нахимова, 3",47.06814180000001,37.5091019,украинская православная,ukrainskaja pravoslavnaja,украинская православная,церковь,tserkov',550,2024-06-25 00:00:00,2024-12-16
"бульвар Богдана Хмельницкого, 3","Маріуполь, бульвар Богдана Хмельницкого, 3",47.0921447,37.5274029,"""линкольн""","""linkol'n""","""линкольн""",,,277.7,2024-06-25 00:00:00,
"бульвар Богдана Хмельницкого, 3","Маріуполь, бульвар Богдана Хмельницкого, 3",47.0921447,37.5274029,"""альянс""","""al'jans""","""альянс""",,,178.2,2024-06-25 00:00:00,
"проспект Ленина, 79","Маріуполь, проспект Ленина, 79",47.097133,37.543367,пункт управления гражданской обороны приморского,punkt upravlenija grazhdanskoj oborony primorskogo,пункт управления гражданской обороны приморского,района,rajona,150,2024-06-25 00:00:00,
"улица Громовой, 61А","Маріуполь, улица Громовой, 61А",47.0955031,37.5139334,"""аквамарин""","""akvamarin""","""аквамарин""",,,1200,2024-06-25 00:00:00,
"пгт. Старый Крым, улица Кирова, 45",,,,unknown,unknown,unknown,,,396,2024-07-17 00:00:00,
"проспект Победы, 16","Маріуполь, проспект Победы, 16",47.1085591,37.6284316,гостиница,gostinitsa,гостиница,азовсталь,azovstal',8386,2024-07-17 00:00:00,
"улица 7 проезд, 3","Маріуполь, улица 7 проезд, 3",47.097133,37.543367,unknown,unknown,unknown,,,121.6,2024-07-17 00:00:00,2024-11-02
"улица 7 проезд, 5","Маріуполь, улица 7 проезд, 5",47.097133,37.543367,unknown,unknown,unknown,,,12,2024-07-17 00:00:00,2024-11-12
"улица 7 проезд, 8","Маріуполь, улица 7 проезд, 8",47.097133,37.543367,шиномонтаж,shinomontazh,шиномонтаж,,,300,2024-07-17 00:00:00,
"улица Варганова, 3","Маріуполь, улица Варганова, 3",47.09858269999999,37.5461661,магазин,magazin,shop,такон,takon,78,2024-07-17 00:00:00,
"улица Виноградная, 17","Маріуполь, улица Виноградная, 17",47.0936977,37.6424544,unknown,unknown,unknown,,,143.2,2024-07-17 00:00:00,2024-12-20
"улица Волгодонская, 18","Маріуполь, улица Волгодонская, 18",47.1084354,37.632935,"""медифаст""","""medifast""","""медифаст""",,,1460,2024-07-17 00:00:00,2024-11-29
"улица Волгодонская, 20/7","Маріуполь, улица Волгодонская, 20/7",47.1090077,37.6327307,unknown,unknown,unknown,,,1330,2024-07-17 00:00:00,2024-12-02
"улица Георгиевская, 66","Маріуполь, улица Георгиевская, 66",47.0934104,37.5498186,unknown,unknown,unknown,,,350,2024-07-17 00:00:00,2025-03-03
"улица Громовой, 44","Маріуполь, улица Громовой, 44",47.0935797,37.5128967,"автомойка, кафе","avtomojka, kafe","автомойка, кафе",,,160,2024-07-17 00:00:00,2025-01-15
"улица Донская, 10","Маріуполь, улица Донская, 10",47.10989,37.6522139,unknown,unknown,unknown,,,880,2024-07-17 00:00:00,2024-11-01
"проспект Ильича, 13А","Маріуполь, проспект Ильича, 13А",47.1361064,37.6007404,unknown,unknown,unknown,,,26.5,2024-07-17 00:00:00,2024-11-12
"улица Казанцева, 22А","Маріуполь, улица Казанцева, 22А",47.0965728,37.5392623,unknown,unknown,unknown,,,70,2024-07-17 00:00:00,
"проспект Карпова, 35","Маріуполь, проспект Карпова, 35",47.1617112,37.5441128,unknown,unknown,unknown,,,682.1,2024-07-17 00:00:00,2025-01-15
"улица Каффайская, 69","Маріуполь, улица Каффайская, 69",47.1059097,37.5493261,магазин,magazin,shop,,,50,2024-07-17 00:00:00,2024-11-12
"улица Киевская, 68","Маріуполь, улица Киевская, 68",47.097133,37.543367,магазин,magazin,shop,-пекарня,-pekarnja,150,2024-07-17 00:00:00,2024-11-12
"улица Краснофлотская, 128","Маріуполь, улица Краснофлотская, 128",47.097133,37.543367,unknown,unknown,unknown,,,200,2024-07-17 00:00:00,2024-11-13
"улица Краснофлотская, 170","Маріуполь, улица Краснофлотская, 170",47.097133,37.543367,unknown,unknown,unknown,,,110,2024-07-17 00:00:00,2024-12-02
"улица Краснофлотская, 192","Маріуполь, улица Краснофлотская, 192",47.097133,37.543367,unknown,unknown,unknown,,,852,2024-07-17 00:00:00,2024-11-29
"улица Левченко, 28","Маріуполь, улица Левченко, 28",47.1370498,37.593042,unknown,unknown,unknown,,,50,2024-07-17 00:00:00,2024-12-16
"проспект Ленина, 90","Маріуполь, проспект Ленина, 90",47.097133,37.543367,зоомагазин,zoomagazin,зоомагазин,,,150,2024-07-17 00:00:00,2024-12-24
"проспект Ленина, 93Б","Маріуполь, проспект Ленина, 93Б",47.097133,37.543367,unknown,unknown,unknown,,,70,2024-07-17 00:00:00,
"проспект Ленина, 102","Маріуполь, проспект Ленина, 102",47.097133,37.543367,продукты,produkty,grocery,на остановке,na ostanovke,46,2024-07-17 00:00:00,2024-11-12
"проспект Ленина, 103А","Маріуполь, проспект Ленина, 103А",47.097133,37.543367,цветочный,tsvetochnyj,цветочный,флора,flora,66.5,2024-07-17 00:00:00,2024-12-02
"проспект Ленина, 123А (130)",,,,пристройка с левой,pristrojka s levoj,пристройка с левой,стороны,storony,202.9,2024-07-17 00:00:00,2025-01-15
"проспект Ленина, 123А (133)",,,,unknown,unknown,unknown,,,41.1,2024-07-17 00:00:00,
"улица Линника, 26","Маріуполь, улица Линника, 26",47.0867,37.5606101,unknown,unknown,unknown,,,173,2024-07-17 00:00:00,2024-11-13
"улица Матросова, 7А","Маріуполь, улица Матросова, 7А",47.1093616,37.5273547,unknown,unknown,unknown,,,400,2024-07-17 00:00:00,2024-11-29
"проспект Металлургов, 54","Маріуполь, проспект Металлургов, 54",47.0951146,37.5421134,unknown,unknown,unknown,,,50,2024-07-17 00:00:00,2024-11-29
"проспект Металлургов, 69","Маріуполь, проспект Металлургов, 69",47.1042674,37.550594,"""хумана""","""humana""","""хумана""",,,250,2024-07-17 00:00:00,2024-11-12
"проспект Металлургов, 84Б","Маріуполь, проспект Металлургов, 84Б",47.1039796,37.5484333,мед.деятельность,med.dejatel'nost',мед.деятельность,,,350,2024-07-17 00:00:00,
"проспект Металлургов, 129Б","Маріуполь, проспект Металлургов, 129Б",47.1121126,37.5580582,unknown,unknown,unknown,,,506.9,2024-07-17 00:00:00,
"проспект Металлургов, 162","Маріуполь, проспект Металлургов, 162",47.127525,37.563266,unknown,unknown,unknown,,,110,2024-07-17 00:00:00,2025-01-15
"проспект Металлургов, 170, пом. 4",,,,unknown,unknown,unknown,,,27,2024-07-17 00:00:00,2024-11-12
"проспект Металлургов, 170, пом. 6",,,,unknown,unknown,unknown,,,27,2024-07-17 00:00:00,2024-11-12
"проспект Металлургов, 170А","Маріуполь, проспект Металлургов, 170А",47.129979,37.5642947,цветочные,tsvetochnye,цветочные,павильоны,pavil'ony,27,2024-07-17 00:00:00,2024-11-12
"переулок Нахимова, 5","Маріуполь, переулок Нахимова, 5",47.0967461,37.5374784,семейная,semejnaja,семейная,пекарня,pekarnja,-,2024-07-17 00:00:00,
"проспект Нахимова, 92","Маріуполь, проспект Нахимова, 92",47.0782743,37.5151778,юр.услуги,jur.uslugi,юр.услуги,,,92.2,2024-07-17 00:00:00,
"улица Пашковского, 61А","Маріуполь, улица Пашковского, 61А",47.1072958,37.6539352,unknown,unknown,unknown,,,550,2024-07-17 00:00:00,2024-12-06
"проспект Победы, 99","Маріуполь, проспект Победы, 99",47.1058418,37.6570153,торговля,torgovlja,торговля,,,-,2024-07-17 00:00:00,
"улица Солнечная, 1А","Маріуполь, улица Солнечная, 1А",47.097133,37.543367,"автомагазин, шиномонтаж","avtomagazin, shinomontazh","автомагазин, шиномонтаж",,,65.5,2024-07-17 00:00:00,2024-11-12
"проспект Строителей, 129","Маріуполь, проспект Строителей, 129",47.1021414,37.5256164,"""ветерано пицца""","""veterano pitstsa""","""ветерано пицца""",,,26,2024-07-17 00:00:00,2024-11-12
"проспект Строителей, 138А","Маріуполь, проспект Строителей, 138А",47.11330710000001,37.5241099,кафе,kafe,cafe,париж,parizh,236,2024-07-17 00:00:00,2025-01-15
"улица Тополиная, 14","Маріуполь, улица Тополиная, 14",47.1701814,37.53238229999999,ангар,angar,ангар,,,220.5,2024-07-17 00:00:00,
"улица Урицкого, 101","Маріуполь, улица Урицкого, 101",47.1256316,37.5109593,unknown,unknown,unknown,,,999.2,2024-07-17 00:00:00,2025-01-15
"улица Урицкого, 114А","Маріуполь, улица Урицкого, 114А",47.1222263,37.5140924,"""хозяюшка""","""hozjajushka""","""хозяюшка""",,,71.3,2024-07-17 00:00:00,
"улица Февральская, 4","Маріуполь, улица Февральская, 4",47.129025,37.67163499999999,unknown,unknown,unknown,,,658.9,2024-07-17 00:00:00,
"бульвар Шевченко, 289","Маріуполь, бульвар Шевченко, 289",47.1170812,37.5233327,пристройка к,pristrojka k,пристройка к,дому,domu,70,2024-07-17 00:00:00,2024-11-12
"тер. Шмидта гавань, 6","Маріуполь, тер. Шмидта гавань, 6",47.097133,37.543367,unknown,unknown,unknown,,,1244.7,2024-07-17 00:00:00,
"улица Энгельса, 28","Маріуполь, улица Энгельса, 28",47.0957336,37.5458858,unknown,unknown,unknown,,,862,2024-07-17 00:00:00,2024-11-08
"улица Пашковского, 49","Маріуполь, улица Пашковского, 49",47.1083357,37.6462957,ооо псп,ooo psp,ооо псп,азовинтекс,azovinteks,556,2024-08-14 00:00:00,
"проспект Победы, 99","Маріуполь, проспект Победы, 99",47.1058418,37.6570153,магазин,magazin,shop,,,40,2024-08-14 00:00:00,
пересечение улица Куприна и улица Матросова,,,,недострой на,nedostroj na,недострой на,куприна,kuprina,200,2024-08-14 00:00:00,
"улица Солнечная, 1А","Маріуполь, улица Солнечная, 1А",47.097133,37.543367,unknown,unknown,unknown,,,70,2024-08-14 00:00:00,
"проспект Ленина, 102","Маріуполь, проспект Ленина, 102",47.097133,37.543367,магазин,magazin,shop,,,15,2024-08-14 00:00:00,
"проспект Строителей, 144","Маріуполь, проспект Строителей, 144",47.1146703,37.5247756,unknown,unknown,unknown,,,50,2024-08-14 00:00:00,
"переулок Пляжный, 1А (Курортный)",,,,водно-спортивный центр,vodno-sportivnyj tsentr,водно-спортивный центр,,,2098.3,2024-08-14 00:00:00,
"переулок Пляжный, 1А (Курортный)",,,,водно-спортивный центр,vodno-sportivnyj tsentr,водно-спортивный центр,,,2961.7,2024-08-14 00:00:00,
"улица Курчатова, 47","Маріуполь, улица Курчатова, 47",47.1617145,37.6115567,атб,atb,атб,,,735.8,2024-09-20 00:00:00,
переулок Лечебный,,,,гараж,garazh,garage,,,-,2024-09-20 00:00:00,
проспект 1 Мая,,,,гараж,garazh,garage,,,-,2024-09-20 00:00:00,
"улица Латышева, 45А","Маріуполь, улица Латышева, 45А",47.0678364,37.4826505,"""фрэш""","""fresh""","""фрэш""",,,625,2024-09-20 00:00:00,
"улица Олимпийская, 193","Маріуполь, улица Олимпийская, 193",47.1255457,37.6820978,торговый,torgovyj,торговый,павильон,pavil'on,30,2024-09-20 00:00:00,
"улица Олимпийская, 193Б","Маріуполь, улица Олимпийская, 193Б",47.1255457,37.6820978,торговый,torgovyj,торговый,павильон,pavil'on,78.8,2024-09-20 00:00:00,
"улица 50 лет СССР, 51","Маріуполь, улица 50 лет СССР, 51",47.097133,37.543367,адвокат,advokat,адвокат,,,31,2024-10-08 00:00:00,
"улица Краснофлотская, 194/196","Маріуполь, улица Краснофлотская, 194/196",47.097133,37.543367,2,2,2,магазина,magazina,1150,2024-10-08 00:00:00,2025-01-15
"проспект Металлургов, 208","Маріуполь, проспект Металлургов, 208",47.13784649999999,37.5676279,магазин,magazin,shop,молоко,moloko,729.7,2024-10-08 00:00:00,2025-01-15
"улица Гонды, 2","Маріуполь, улица Гонды, 2",47.1218559,37.5667862,unknown,unknown,unknown,,,130,2024-10-08 00:00:00,
"проспект Нахимова, 104","Маріуполь, проспект Нахимова, 104",47.0793023,37.5164307,аптека,apteka,pharmacy,,,61.8,2024-10-08 00:00:00,
"проспект Нахимова, 103","Маріуполь, проспект Нахимова, 103",47.0950569,37.5380143,"""сафари спорт""","""safari sport""","""сафари спорт""",,,285.3,2024-10-21 00:00:00,
"улица Шота Руставели, 70","Маріуполь, улица Шота Руставели, 70",47.11472149999999,37.5367158,unknown,unknown,unknown,,,864,2024-10-21 00:00:00,
"проспект Металлургов, 57","Маріуполь, проспект Металлургов, 57",47.1019307,37.5487384,магазин,magazin,shop,мототехники,mototehniki,200,2024-10-21 00:00:00,
"проспект Металлургов, 57","Маріуполь, проспект Металлургов, 57",47.1019307,37.5487384,mari,mari,mari,hotel,hotel,1057,2024-10-21 00:00:00,
"переулок Семенишина, 10","Маріуполь, переулок Семенишина, 10",47.0896224,37.5519354,гараж,garazh,garage,и,i,1271.7,2024-10-21 00:00:00,
"проспект Победы, 51/32","Маріуполь, проспект Победы, 51/32",47.10681,37.639857,нотариус,notarius,нотариус,,,62,2024-10-21 00:00:00,
"проспект Победы, 51/32","Маріуполь, проспект Победы, 51/32",47.10681,37.639857,оценщик,otsenschik,оценщик,,,58,2024-10-21 00:00:00,
"проспект Победы, 98","Маріуполь, проспект Победы, 98",47.1059777,37.6668117,кафе,kafe,cafe,"-клуб ""фортуна","-klub ""fortuna",300,2024-10-21 00:00:00,
"улица Козлова, 107 (Охотничья)",,,,кинотеатр,kinoteatr,кинотеатр,строитель,stroitel',460,2024-10-21 00:00:00,
"улица Сеченова, 52А","Маріуполь, улица Сеченова, 52А",47.1339258,37.5643044,unknown,unknown,unknown,,,900,2024-10-21 00:00:00,
"улица Карпинского, 68","Маріуполь, улица Карпинского, 68",47.1310203,37.5596604,магазин,magazin,shop,,,70,2024-10-21 00:00:00,
"26 квартал, 3","Маріуполь, 26 квартал, 3",47.097133,37.543367,кафе,kafe,cafe,,,150,2024-10-21 00:00:00,
"улица Карпинского, 60","Маріуполь, улица Карпинского, 60",47.132324,37.5599684,аптека,apteka,pharmacy,,,140,2024-10-21 00:00:00,
"проспект Металлургов, 169","Маріуполь, проспект Металлургов, 169",47.12441980000001,37.5644146,кафе,kafe,cafe,гермес,germes,150,2024-10-21 00:00:00,
"проспект Металлургов, 194","Маріуполь, проспект Металлургов, 194",47.13351900000001,37.5660983,магазин,magazin,shop,компьютерный стиль,komp'juternyj stil',60,2024-10-21 00:00:00,
"проспект Металлургов, 64","Маріуполь, проспект Металлургов, 64",47.10031110000001,37.5458221,"""мобилочка""","""mobilochka""","""мобилочка""",,,73.8,2024-10-21 00:00:00,
"переулок Банный, 1","Маріуполь, переулок Банный, 1",47.1103488,37.6145985,пту,ptu,пту,№ 2,№ 2,623,2024-10-28 00:00:00,
"переулок Банный, 2","Маріуполь, переулок Банный, 2",47.1119421,37.6175784,unknown,unknown,unknown,,,645.63,2024-10-28 00:00:00,
"переулок Банный, 4","Маріуполь, переулок Банный, 4",47.11185469999999,37.6185992,unknown,unknown,unknown,,,1209.3,2024-10-28 00:00:00,
"переулок Банный, 5","Маріуполь, переулок Банный, 5",47.1115316,37.6175482,городской центр граждан без определенного места,gorodskoj tsentr grazhdan bez opredelennogo mesta,городской центр граждан без определенного места,жительства,zhitel'stva,1247.24,2024-10-28 00:00:00,
"переулок Банный, 6","Маріуполь, переулок Банный, 6",47.1117253,37.6197461,unknown,unknown,unknown,,,820.2,2024-10-28 00:00:00,
"переулок Банный, 7","Маріуполь, переулок Банный, 7",47.1114926,37.6184688,городская,gorodskaja,городская,баня,banja,-,2024-10-28 00:00:00,
"переулок Банный, 8","Маріуполь, переулок Банный, 8",47.111711,37.6205022,гараж,garazh,garage,,,-,2024-10-28 00:00:00,
"переулок Банный, 10","Маріуполь, переулок Банный, 10",47.1115424,37.6209407,гараж,garazh,garage,,,-,2024-10-28 00:00:00,
"улица Якова Гугеля, 26","Маріуполь, улица Якова Гугеля, 26",47.1118489,37.6208511,дом,dom,дом,престарелых,prestarelyh,-,2024-10-28 00:00:00,
"улица Коксохима, 1 (Коксохимическая)",,,,здание служб,zdanie sluzhb,здание служб,азовстали,azovstali,-,2024-10-28 00:00:00,
"улица Коксохима, 5 (Коксохимическая)",,,,лечебно-диагностический центр,lechebno-diagnosticheskij tsentr,лечебно-диагностический центр,,,-,2024-10-28 00:00:00,
"улица Коксохима, 7 (Коксохимическая)",,,,поликлиника,poliklinika,поликлиника,,,-,2024-10-28 00:00:00,
"улица Короленко, 8","Маріуполь, улица Короленко, 8",47.1112214,37.6178752,пту,ptu,пту,№2,№2,624.2,2024-10-28 00:00:00,
"улица Короленко, 11","Маріуполь, улица Короленко, 11",47.113474,37.6181005,гараж,garazh,garage,,,-,2024-10-28 00:00:00,
"улица Лепорского, 1","Маріуполь, улица Лепорского, 1",47.1073735,37.6145315,заводоуправление,zavodoupravlenie,заводоуправление,азовстали,azovstali,-,2024-10-28 00:00:00,
"улица Лепорского, 5","Маріуполь, улица Лепорского, 5",47.1099055,37.6161683,здание азовстали,zdanie azovstali,здание азовстали,- укс,- uks,-,2024-10-28 00:00:00,
"улица Лепорского, 6","Маріуполь, улица Лепорского, 6",47.111244,37.6172988,пту,ptu,пту,№2,№2,-,2024-10-28 00:00:00,
"улица Лепорского, 9","Маріуполь, улица Лепорского, 9",47.1111364,37.6163595,учебно-консультационный центр,uchebno-konsul'tatsionnyj tsentr,учебно-консультационный центр,,,783.7,2024-10-28 00:00:00,
"улица Лепорского, 11","Маріуполь, улица Лепорского, 11",47.1115655,37.616435,профсоюз,profsojuz,профсоюз,азовстали,azovstali,-,2024-10-28 00:00:00,
"проспект Победы, 5","Маріуполь, проспект Победы, 5",47.108147,37.6172065,городская поликлиника,gorodskaja poliklinika,городская поликлиника,№ 2,№ 2,-,2024-10-28 00:00:00,
"проспект Победы, 5","Маріуполь, проспект Победы, 5",47.108147,37.6172065,поликлиника,poliklinika,поликлиника,профосмотров,profosmotrov,-,2024-10-28 00:00:00,
"проспект Победы, 7","Маріуполь, проспект Победы, 7",47.1080902,37.6186492,подстанция скорой,podstantsija skoroj,подстанция скорой,помощи,pomoschi,-,2024-10-28 00:00:00,
"переулок Шепотинника, 5","Маріуполь, переулок Шепотинника, 5",47.1121237,37.6205501,гараж,garazh,garage,,,-,2024-10-28 00:00:00,
"переулок Шепотинника, 7","Маріуполь, переулок Шепотинника, 7",47.1121108,37.6209574,unknown,unknown,unknown,,,-,2024-10-28 00:00:00,
"переулок Шепотинника, 14","Маріуполь, переулок Шепотинника, 14",47.1128986,37.6162842,отдел охраны труда,otdel ohrany truda,отдел охраны труда,азовстали,azovstali,-,2024-10-28 00:00:00,
"пгт. Сартана, улица Челюскинцев, 32",,,,unknown,unknown,unknown,,,-,2024-11-07 00:00:00,
"пгт. Старый Крым, улица Гранитная, 93",,,,"""свидетели иеговы""","""svideteli iegovy""","""свидетели иеговы""",,,187,2024-11-26 00:00:00,
"проспект Карпова, 1","Маріуполь, проспект Карпова, 1",47.1493872,37.5501514,бк,bk,бк,азовмаш,azovmash,-,2024-11-26 00:00:00,
"проспект Карпова, 1","Маріуполь, проспект Карпова, 1",47.1493872,37.5501514,ск,sk,ск,новатор,novator,-,2024-11-26 00:00:00,
"проспект Карпова, 1","Маріуполь, проспект Карпова, 1",47.1493872,37.5501514,спортивный,sportivnyj,спортивный,зал,zal,-,2024-11-26 00:00:00,
"проспект Металлургов, 62","Маріуполь, проспект Металлургов, 62",47.0998107,37.5453053,unknown,unknown,unknown,,,42,2024-11-26 00:00:00,
"улица Шепотиленко, 66А","Маріуполь, улица Шепотиленко, 66А",47.159143,37.5872744,быт,byt,быт,комбинат,kombinat,772,2024-11-26 00:00:00,
пересечение улица Запорожская и переулок Запорожский,,,,детский,detskij,детский,сад,sad,600,2024-11-26 00:00:00,
"проспект Ленина, 46","Маріуполь, проспект Ленина, 46",47.097133,37.543367,офисные,ofisnye,офисные,помещения,pomeschenija,950,2024-12-13 00:00:00,
"улица Тарасова, 16","Маріуполь, улица Тарасова, 16",47.1111488,37.5324508,unknown,unknown,unknown,,,1006,2024-12-13 00:00:00,
"проспект Победы, 14","Маріуполь, проспект Победы, 14",47.1088214,37.6214787,"ресторан/магазин ""мелодия""","restoran/magazin ""melodija""","ресторан/магазин ""мелодия""",,,1250,2024-12-13 00:00:00,
"улица Громовой, 52","Маріуполь, улица Громовой, 52",47.096336,37.5112365,мимауп,mimaup,мимауп,,,970,2024-12-13 00:00:00,
"улица Громовой, 69","Маріуполь, улица Громовой, 69",47.098014,37.5144265,код,kod,код,здоровья,zdorov'ja,3979.3,2024-12-13 00:00:00,
"улица Зелинского, 89","Маріуполь, улица Зелинского, 89",47.0977006,37.5161965,мариупольское,mariupol'skoe,мариупольское,атп,atp,5100,2024-12-13 00:00:00,
"улица Зелинского, 89А","Маріуполь, улица Зелинского, 89А",47.0977006,37.5161965,магазин,magazin,shop,продуктов,produktov,30,2024-12-13 00:00:00,
"улица Энгельса, 28","Маріуполь, улица Энгельса, 28",47.0957336,37.5458858,селфит/щирый кум (велыка кышеня),selfit/schiryj kum (velyka kyshenja),селфит/щирый кум (велыка кышеня),,,2929.2749999999996,2024-12-13 00:00:00,
"улица 130 Таганрогской дивизии, 110","Маріуполь, улица 130 Таганрогской дивизии, 110",47.1212747,37.6699444,unknown,unknown,unknown,,,30,2024-12-13 00:00:00,
"проспект 1 Мая, 53А","Маріуполь, проспект 1 Мая, 53А",47.097133,37.543367,unknown,unknown,unknown,,,100,2024-12-13 00:00:00,
"бульвар 50 лет Октября, 32А","Маріуполь, бульвар 50 лет Октября, 32А",47.097133,37.543367,unknown,unknown,unknown,,,400,2024-12-13 00:00:00,
"улица Киевская, 70","Маріуполь, улица Киевская, 70",47.097133,37.543367,курсы,kursy,курсы,"языков, библиотека","jazykov, biblioteka",70,2024-12-13 00:00:00,
"бульвар Комсомольский, 68А","Маріуполь, бульвар Комсомольский, 68А",47.097867,37.6497609,магазин,magazin,shop,,,170,2024-12-13 00:00:00,
"проспект Ленинградский, 39","Маріуполь, проспект Ленинградский, 39",47.1023156,37.6685757,торгово-складское помещение,torgovo-skladskoe pomeschenie,торгово-складское помещение,,,250,2024-12-13 00:00:00,
пересечение улица Лепорского и улица Мерзляка,,,,unknown,unknown,unknown,,,9000,2024-12-13 00:00:00,
"проспект Победы, 17","Маріуполь, проспект Победы, 17",47.10784770000001,37.630812,теннисный,tennisnyj,теннисный,клуб,klub,2500,2024-12-13 00:00:00,
"проспект Победы, 51/32","Маріуполь, проспект Победы, 51/32",47.10681,37.639857,ломбард,lombard,ломбард,,,50,2024-12-13 00:00:00,
"улица Приморская, 1","Маріуполь, улица Приморская, 1",47.0980792,37.6584568,спортклуб,sportklub,спортклуб,олимпик,olimpik,2891,2024-12-13 00:00:00,
"улица Таганрогская, 255","Маріуполь, улица Таганрогская, 255",47.1294871,37.674246,unknown,unknown,unknown,,,400,2024-12-13 00:00:00,
"проспект Тульский, 24","Маріуполь, проспект Тульский, 24",47.10157,37.6589453,банк,bank,bank,,,50,2024-12-13 00:00:00,
"проспект Тульский, 24","Маріуполь, проспект Тульский, 24",47.10157,37.6589453,мебельный,mebel'nyj,мебельный,,,100,2024-12-13 00:00:00,
"проспект Тульский, 39/7","Маріуполь, проспект Тульский, 39/7",47.1046298,37.6596616,парикмахерская,parikmaherskaja,hairdresser,,,70,2024-12-13 00:00:00,
"проспект Металлургов, 94, пом. 136/1",,,,кофейня,kofejnja,кофейня,,,35,2024-12-23 00:00:00,
"улица Фонтанная, 79","Маріуполь, улица Фонтанная, 79",47.1016322,37.5523399,unknown,unknown,unknown,,,840,2024-12-28 00:00:00,
"улица Артема, 89","Маріуполь, улица Артема, 89",47.097133,37.543367,сауна,sauna,сауна,,,100,2024-12-28 00:00:00,
"улица Артема, 89","Маріуполь, улица Артема, 89",47.097133,37.543367,unknown,unknown,unknown,,,90,2024-12-28 00:00:00,
"улица Артема, 94А","Маріуполь, улица Артема, 94А",47.097133,37.543367,продуктов,produktov,grocery,ый магазин,yj magazin,150,2024-12-28 00:00:00,
"улица Георгиевская, 6","Маріуполь, улица Георгиевская, 6",47.0927022,37.5591745,unknown,unknown,unknown,,,3500,2024-12-28 00:00:00,
"проспект Строителей, 171А","Маріуполь, проспект Строителей, 171А",47.1185446,37.529967,магазин,magazin,shop,-чик,-chik,80,2024-12-28 00:00:00,
"проспект Карпова, 1","Маріуполь, проспект Карпова, 1",47.1493872,37.5501514,сити-боулинг,siti-bouling,сити-боулинг,,,1100,2024-12-28 00:00:00,
"проспект Карпова, 1","Маріуполь, проспект Карпова, 1",47.1493872,37.5501514,рк,rk,рк,ледо,ledo,2500,2024-12-28 00:00:00,
"проспект 1 Мая, 52","Маріуполь, проспект 1 Мая, 52",47.097133,37.543367,"""евробуд""","""evrobud""","""евробуд""",,,-,2025-01-22 00:00:00,
"бульвар 50 лет Октября, 9/28","Маріуполь, бульвар 50 лет Октября, 9/28",47.102548,37.6371685,магазин,magazin,shop,"нижнего белья ""кокетка","nizhnego bel'ja ""koketka",-,2025-01-22 00:00:00,
"бульвар 50 лет Октября, 9/28","Маріуполь, бульвар 50 лет Октября, 9/28",47.102548,37.6371685,сервисный центр,servisnyj tsentr,сервисный центр,компьютерный мир +,komp'juternyj mir +,-,2025-01-22 00:00:00,
"бульвар 50 лет Октября, 11","Маріуполь, бульвар 50 лет Октября, 11",47.1034474,37.6372948,кафе,kafe,cafe,,,-,2025-01-22 00:00:00,
"бульвар 50 лет Октября, 24/26","Маріуполь, бульвар 50 лет Октября, 24/26",47.103252,37.63503000000001,магазин,magazin,shop,одежды,odezhdy,-,2025-01-22 00:00:00,
"бульвар 50 лет Октября, 30/17","Маріуполь, бульвар 50 лет Октября, 30/17",47.1041613,37.6357504,магазин,magazin,shop,эзотерических товаров (ломбард),ezotericheskih tovarov (lombard),-,2025-01-22 00:00:00,
"бульвар 50 лет Октября, 38","Маріуполь, бульвар 50 лет Октября, 38",47.1061647,37.6361382,атб,atb,атб,,,-,2025-01-22 00:00:00,
"бульвар 50 лет Октября, 38","Маріуполь, бульвар 50 лет Октября, 38",47.1061647,37.6361382,аптека,apteka,pharmacy,,,-,2025-01-22 00:00:00,
"бульвар 50 лет Октября, 38","Маріуполь, бульвар 50 лет Октября, 38",47.1061647,37.6361382,приват,privat,приват,банк,bank,-,2025-01-22 00:00:00,
"бульвар 50 лет Октября, 38","Маріуполь, бульвар 50 лет Октября, 38",47.1061647,37.6361382,магазин,magazin,shop,одежды и обуви,odezhdy i obuvi,-,2025-01-22 00:00:00,
"улица Воинов-освободителей, 2/3","Маріуполь, улица Воинов-освободителей, 2/3",47.100075,37.6373076,магазин,magazin,shop,"эталон"" (""лето"")","etalon"" (""leto"")",-,2025-01-22 00:00:00,
"улица Воинов-освободителей, 88","Маріуполь, улица Воинов-освободителей, 88",47.09907279999999,37.6536563,аптека,apteka,pharmacy,азов-фарм,azov-farm,-,2025-01-22 00:00:00,
"улица Волгодонская, 2","Маріуполь, улица Волгодонская, 2",47.1051661,37.6326134,полиграфический центр,poligraficheskij tsentr,полиграфический центр,феникс,feniks,-,2025-01-22 00:00:00,
"улица Волнистая, 49","Маріуполь, улица Волнистая, 49",47.11462720000001,37.6410621,химчистка,himchistka,химчистка,(быткомбинат),(bytkombinat),-,2025-01-22 00:00:00,
"улица Киевская, 60","Маріуполь, улица Киевская, 60",47.097133,37.543367,опорный пункт,opornyj punkt,опорный пункт,"/ детский центр ""радуга","/ detskij tsentr ""raduga",-,2025-01-22 00:00:00,
"улица Лазо, 50А","Маріуполь, улица Лазо, 50А",47.1169082,37.6429397,опорный,opornyj,опорный,пункт,punkt,848.2,2025-01-22 00:00:00,
"проспект Ленинградский, 43","Маріуполь, проспект Ленинградский, 43",47.1038063,37.6687304,угловое в,uglovoe v,угловое в,мкд,mkd,-,2025-01-22 00:00:00,
"улица Олимпийская, 18","Маріуполь, улица Олимпийская, 18",47.1070114,37.6627429,магазин,magazin,shop,смак,smak,-,2025-01-22 00:00:00,
"улица Московская, 15","Маріуполь, улица Московская, 15",47.097133,37.543367,магазин,magazin,shop,бытовой химии,bytovoj himii,-,2025-01-22 00:00:00,
"улица Пашковского, 5","Маріуполь, улица Пашковского, 5",47.109036,37.6318638,"абон.участки, магазин-салон дверей, кафе-закусочная","abon.uchastki, magazin-salon dverej, kafe-zakusochnaja","абон.участки, магазин-салон дверей, кафе-закусочная",,,-,2025-01-22 00:00:00,
"улица Пашковского, 16","Маріуполь, улица Пашковского, 16",47.1092897,37.6383133,пункт приема,punkt priema,пункт приема,стеклотары,steklotary,-,2025-01-22 00:00:00,
"улица Пашковского, 18","Маріуполь, улица Пашковского, 18",47.10923409999999,37.6389861,аптека,apteka,pharmacy,,,-,2025-01-22 00:00:00,
"проспект Победы, 25","Маріуполь, проспект Победы, 25",47.10593189999999,37.6310534,эстетический центр,esteticheskij tsentr,эстетический центр,шанти,shanti,-,2025-01-22 00:00:00,
"проспект Победы, 47","Маріуполь, проспект Победы, 47",47.1067073,37.6391126,магазин,magazin,shop,швабра-кадабра,shvabra-kadabra,-,2025-01-22 00:00:00,
"проспект Победы, 117","Маріуполь, проспект Победы, 117",47.1045697,37.6687943,пивбар,pivbar,пивбар,,,-,2025-01-22 00:00:00,
"проспект Победы, 117","Маріуполь, проспект Победы, 117",47.1045697,37.6687943,мясной,mjasnoj,мясной,магазин,magazin,-,2025-01-22 00:00:00,
"проспект Тульский, 18","Маріуполь, проспект Тульский, 18",47.10189,37.6596613,хостел,hostel,хостел,/ продуктовый магазин,/ produktovyj magazin,-,2025-01-22 00:00:00,
"проспект Тульский, 39/7","Маріуполь, проспект Тульский, 39/7",47.1046298,37.6596616,магазин,magazin,shop,игрушек и косметики,igrushek i kosmetiki,-,2025-01-22 00:00:00,
"проспект Тульский, 39/7","Маріуполь, проспект Тульский, 39/7",47.1046298,37.6596616,магазин,magazin,shop,одежды и обуви,odezhdy i obuvi,-,2025-01-22 00:00:00,
"переулок Киевский, 4","Маріуполь, переулок Киевский, 4",47.109934,37.6430668,протестанская,protestanskaja,протестанская,церковь,tserkov',1065.8,2025-01-22 00:00:00,
"проспект Победы, 20","Маріуполь, проспект Победы, 20",47.1079977,37.6317216,гостиница,gostinitsa,гостиница,приазовье,priazov'e,1740,2025-01-22 00:00:00,
"улица Курчатова, 33","Маріуполь, улица Курчатова, 33",47.1589888,37.6141266,unknown,unknown,unknown,,,2109.9,2025-02-05 00:00:00,
"улица Машиностроительная, 80А","Маріуполь, улица Машиностроительная, 80А",47.16228340000001,37.6140025,unknown,unknown,unknown,,,-,2025-02-05 00:00:00,
"улица Машиностроительная, 82А","Маріуполь, улица Машиностроительная, 82А",47.1627505,37.6137319,донбасс,donbass,донбасс,телеком,telekom,-,2025-02-05 00:00:00,
"проспект Металлургов, 166","Маріуполь, проспект Металлургов, 166",47.1287102,37.5645773,"""спининг""","""spining""","""спининг""",,,-,2025-02-05 00:00:00,
"улица Набережная, 1","Маріуполь, улица Набережная, 1",47.097133,37.543367,unknown,unknown,unknown,,,-,2025-02-17 00:00:00,
"улица Котовского, 7 (Первая слободка)",,,,бывший детский,byvshij detskij,бывший детский,сад,sad,881.9,2025-02-17 00:00:00,
"улица Казанцева, 29","Маріуполь, улица Казанцева, 29",47.1061959,37.5465996,unknown,unknown,unknown,,,206.9,2025-02-17 00:00:00,
"улица Казанцева, 120","Маріуполь, улица Казанцева, 120",47.10383840000001,37.5433507,магазин,magazin,shop,керамоград,keramograd,130,2025-02-17 00:00:00,
"улица Куприна, 11","Маріуполь, улица Куприна, 11",47.1024793,37.5125267,парикмахерская,parikmaherskaja,hairdresser,,,70,2025-02-17 00:00:00,
"улица Николаевская, 89","Маріуполь, улица Николаевская, 89",47.1004362,37.54745010000001,"""семейная пекарня""","""semejnaja pekarnja""","""семейная пекарня""",,,100,2025-02-17 00:00:00,
"улица Урицкого, 69","Маріуполь, улица Урицкого, 69",47.1225451,37.5211382,кафе,kafe,cafe,,,370,2025-02-17 00:00:00,
"бульвар Шевченко, 289","Маріуполь, бульвар Шевченко, 289",47.1170812,37.5233327,мебельный салон,mebel'nyj salon,мебельный салон,ярус,jarus,394,2025-02-17 00:00:00,
"улица 130 Таганрогской дивизии, 7","Маріуполь, улица 130 Таганрогской дивизии, 7",47.1085771,37.6691414,магазин,magazin,shop,фокстрот,fokstrot,2106.9,2025-02-17 00:00:00,
"улица Варганова, 15","Маріуполь, улица Варганова, 15",47.0990603,37.5409144,атб,atb,атб,,,635.2,2025-02-17 00:00:00,
"проспект Металлургов, 188","Маріуполь, проспект Металлургов, 188",47.13306290000001,37.5659426,атб,atb,атб,/ секонд-хенд,/ sekond-hend,1787.9,2025-02-17 00:00:00,
"проспект Строителей, 179","Маріуполь, проспект Строителей, 179",47.1217283,37.5279496,атб,atb,атб,,,950,2025-02-17 00:00:00,
"улица Урицкого, 116А","Маріуполь, улица Урицкого, 116А",47.122003,37.5138555,атб,atb,атб,,,1768.2,2025-02-17 00:00:00,
"переулок Рижский, 27","Маріуполь, переулок Рижский, 27",47.1151638,37.6744515,unknown,unknown,unknown,,,250,2025-03-10 00:00:00,
"улица Виноградная, 60А","Маріуполь, улица Виноградная, 60А",47.09442929999999,37.6350115,кафе,kafe,cafe,"-гостиница ""наш куточок","-gostinitsa ""nash kutochok",1900,2025-04-07 00:00:00,
"улица Киевская, 69","Маріуполь, улица Киевская, 69",47.097133,37.543367,unknown,unknown,unknown,,,640,2025-04-07 00:00:00,
"улица Киевская, 69","Маріуполь, улица Киевская, 69",47.097133,37.543367,unknown,unknown,unknown,,,240,2025-04-07 00:00:00,
"улица Варшавская, 24","Маріуполь, улица Варшавская, 24",47.1722913,37.57761199999999,unknown,unknown,unknown,,,30,2025-04-07 00:00:00,
"улица Гастелло, 28","Маріуполь, улица Гастелло, 28",47.1298518,37.5536166,unknown,unknown,unknown,,,80,2025-04-07 00:00:00,
"улица Новая жизнь, 16","Маріуполь, улица Новая жизнь, 16",47.1325999,37.5773116,unknown,unknown,unknown,,,-,2025-04-07 00:00:00,
"улица Шота Руставели, 70","Маріуполь, улица Шота Руставели, 70",47.11472149999999,37.5367158,unknown,unknown,unknown,,,864,2025-04-07 00:00:00,
"улица Шота Руставели, 70","Маріуполь, улица Шота Руставели, 70",47.11472149999999,37.5367158,unknown,unknown,unknown,,,444,2025-04-07 00:00:00,
"проспект Ленина, 19А","Маріуполь, проспект Ленина, 19А",47.097133,37.543367,unknown,unknown,unknown,,,360,2025-04-07 00:00:00,
"проспект Ленина, 27","Маріуполь, проспект Ленина, 27",47.097133,37.543367,unknown,unknown,unknown,,,500,2025-04-07 00:00:00,
"проспект Ленина, 29","Маріуполь, проспект Ленина, 29",47.097133,37.543367,кафе,kafe,cafe,витязь,vitjaz',70,2025-04-07 00:00:00,
"проспект Ленина, 33","Маріуполь, проспект Ленина, 33",47.097133,37.543367,"аквариум, окна двери","akvarium, okna dveri","аквариум, окна двери",,,1050,2025-04-07 00:00:00,
"проспект Ленина, 35","Маріуполь, проспект Ленина, 35",47.097133,37.543367,unknown,unknown,unknown,,,248.4,2025-04-07 00:00:00,
"проспект Ленина, 41","Маріуполь, проспект Ленина, 41",47.097133,37.543367,unknown,unknown,unknown,,,250,2025-04-07 00:00:00,
"проспект Ильича, 2","Маріуполь, проспект Ильича, 2",47.134632,37.6009643,магазин,magazin,shop,ы в здании на остановке,y v zdanii na ostanovke,2500,2025-04-07 00:00:00,
"проспект Ильича, 59","Маріуполь, проспект Ильича, 59",47.1369248,37.5899463,кинотеатр,kinoteatr,кинотеатр,шевченко,shevchenko,1347.3,2025-04-07 00:00:00,
"улица Краснофлотская, 119","Маріуполь, улица Краснофлотская, 119",47.097133,37.543367,офисные,ofisnye,офисные,помещения,pomeschenija,1520,2025-04-07 00:00:00,
"улица Краснофлотская, 119","Маріуполь, улица Краснофлотская, 119",47.097133,37.543367,гараж,garazh,garage,и,i,630,2025-04-07 00:00:00,
"улица Краснофлотская, 119А","Маріуполь, улица Краснофлотская, 119А",47.097133,37.543367,unknown,unknown,unknown,,,444,2025-04-07 00:00:00,
"улица Трудовая, 21","Маріуполь, улица Трудовая, 21",47.1204995,37.6510345,детский благотворительный,detskij blagotvoritel'nyj,детский благотворительный,центр,tsentr,1300,2025-04-07 00:00:00,
"улица Трудовая, 21","Маріуполь, улица Трудовая, 21",47.1204995,37.6510345,детский благотворительный,detskij blagotvoritel'nyj,детский благотворительный,центр,tsentr,1260,2025-04-07 00:00:00,
"проспект Тульский, 35","Маріуполь, проспект Тульский, 35",47.1043676,37.6596762,зал царства,zal tsarstva,зал царства,иеговы,iegovy,660,2025-04-07 00:00:00,
"переулок Рижский, 40","Маріуполь, переулок Рижский, 40",47.115783,37.67408530000001,котельная,kotel'naja,котельная,,,124.12,2025-05-05 00:00:00,
"улица Волгодонская, 2","Маріуполь, улица Волгодонская, 2",47.1051661,37.6326134,производственное,proizvodstvennoe,производственное,здание,zdanie,4200,2025-05-05 00:00:00,
"улица Апатова, 70","Маріуполь, улица Апатова, 70",47.0918691,37.5526881,магазин,magazin,shop,сантехники,santehniki,-,первая публикация,
"улица Греческая, 206А","Маріуполь, улица Греческая, 206А",47.1133367,37.5748213,unknown,unknown,unknown,,,-,первая публикация,
"улица Леваневского, 58","Маріуполь, улица Леваневского, 58",47.1007562,37.5310489,планета,planeta,планета,здоровья,zdorov'ja,-,первая публикация,
"проспект Металлургов, 133Б","Маріуполь, проспект Металлургов, 133Б",47.1127805,37.5598466,овощи-фрукты,ovoschi-frukty,овощи-фрукты,,,-,первая публикация,
"проспект Строителей, 134","Маріуполь, проспект Строителей, 134",47.1107561,37.5242037,савонна,savonna,савонна,,,-,первая публикация,
"проспект Строителей, 136А","Маріуполь, проспект Строителей, 136А",47.1122063,37.5235953,кафе,kafe,cafe,,,-,первая публикация,
"улица Энгельса, 60, офис 104",,,,unknown,unknown,unknown,,,-,первая публикация,
"улица Энгельса, 60, офис 308",,,,unknown,unknown,unknown,,,-,первая публикация,
"26 квартал, 1","Маріуполь, 26 квартал, 1",47.097133,37.543367,парикмахерская,parikmaherskaja,hairdresser,,,-,первая публикация,
"26 квартал, 1","Маріуполь, 26 квартал, 1",47.097133,37.543367,угловой,uglovoj,угловой,магазин,magazin,-,первая публикация,
"26 квартал, 1","Маріуполь, 26 квартал, 1",47.097133,37.543367,магазин,magazin,shop,,,-,первая публикация,
"улица Бодрова, 2А","Маріуполь, улица Бодрова, 2А",47.1380545,37.6014889,магазин,magazin,shop,живчик,zhivchik,-,первая публикация,
"проспект Ильича, 15А","Маріуполь, проспект Ильича, 15А",47.13621699999999,37.6004995,магазин,magazin,shop,,,-,первая публикация,
"проспект Ильича, 135","Маріуполь, проспект Ильича, 135",47.1398129,37.5701266,здание во внутреннем,zdanie vo vnutrennem,здание во внутреннем,дворе,dvore,-,первая публикация,
"улица Семашко, 13","Маріуполь, улица Семашко, 13",47.1395133,37.5984333,магазин,magazin,shop,"чародейка"" / аптека","charodejka"" / apteka",-,первая публикация,
"улица Семашко, 15","Маріуполь, улица Семашко, 15",47.1395496,37.5978372,"""секонд-хенд""","""sekond-hend""","""секонд-хенд""",,,-,первая публикация,
"улица Киевская, 33","Маріуполь, улица Киевская, 33",47.097133,37.543367,аптека,apteka,pharmacy,бажаемо здоровья,bazhaemo zdorov'ja,-,первая публикация,
"улица Киевская, 33Б","Маріуполь, улица Киевская, 33Б",47.097133,37.543367,салон,salon,salon,"красоты ""валерия","krasoty ""valerija",-,первая публикация,
"улица Киевская, 45Б","Маріуполь, улица Киевская, 45Б",47.097133,37.543367,компьютерный,komp'juternyj,компьютерный,клуб,klub,-,первая публикация,
"проспект Маршала Жукова, 70","Маріуполь, проспект Маршала Жукова, 70",47.1225846,37.6924693,недостроенный детский,nedostroennyj detskij,недостроенный детский,сад,sad,-,первая публикация,
"улица Пашковского, 43А","Маріуполь, улица Пашковского, 43А",47.1083142,37.6443465,церковь,tserkov',church,назарянина,nazarjanina,-,первая публикация,
"проспект Победы, 38","Маріуполь, проспект Победы, 38",47.1075872,37.6386706,салон,salon,salon,красоты,krasoty,-,первая публикация,
"проспект Победы, 119","Маріуполь, проспект Победы, 119",47.1046676,37.6702477,магазин,magazin,shop,,,20,первая публикация,
"проспект Победы, 119","Маріуполь, проспект Победы, 119",47.1046676,37.6702477,unknown,unknown,unknown,,,20,первая публикация,
"проспект Тульский, 13А","Маріуполь, проспект Тульский, 13А",47.1018552,37.6600709,тир,tir,тир,,,-,первая публикация,
"бульвар Приморский, 22","Маріуполь, бульвар Приморский, 22",47.0711819,37.5189819,"""цунами""","""tsunami""","""цунами""",,,-,первая публикация,
"бульвар Приморский, 24А","Маріуполь, бульвар Приморский, 24А",47.0705685,37.5183557,"""курортный роман""","""kurortnyj roman""","""курортный роман""",,,-,первая публикация,
"проспект Строителей, 85","Маріуполь, проспект Строителей, 85",47.0900396,37.5226291,коммерческие помещения,kommercheskie pomeschenija,коммерческие помещения,/ аптека,/ apteka,-,первая публикация,
